timestamp,test_type,start,end,sum,forks,internal_time_sec,internal_fps,external_time_sec
2026-02-10T19:08:01Z,Baseline,1,1000,500500,1999,0.636432,3140.95,0.638
2026-02-10T19:08:01Z,Baseline,1,1000,500500,1999,0.580876,3441.36,0.583
2026-02-10T19:08:02Z,Baseline,1,1000,500500,1999,0.557674,3584.53,0.560
2026-02-10T19:08:02Z,Baseline,1,1000,500500,1999,0.534589,3739.32,0.536
2026-02-10T19:08:03Z,Baseline,1,1000,500500,1999,0.544386,3672.02,0.546
2026-02-10T19:08:04Z,Very Heavy,1,5000,12502500,9999,3.091828,3234.01,3.093
2026-02-10T19:08:07Z,Very Heavy,1,5000,12502500,9999,3.033843,3295.82,3.035
2026-02-10T19:08:10Z,Very Heavy,1,5000,12502500,9999,2.991840,3342.09,2.993
2026-02-10T19:08:13Z,Very Heavy,1,5000,12502500,9999,3.085432,3240.71,3.089
2026-02-10T19:08:16Z,Very Heavy,1,5000,12502500,9999,3.153972,3170.29,3.159
2026-02-10T19:08:19Z,Concurrent_A,1,1000,500500,1999,1.125123,1776.70,1.130
2026-02-10T19:08:19Z,Concurrent_B,1,1000,500500,1999,0.650766,3071.76,1.130
2026-02-10T19:08:20Z,Concurrent_A,1,1000,500500,1999,1.161390,1721.21,1.166
2026-02-10T19:08:20Z,Concurrent_B,1,1000,500500,1999,1.138630,1755.62,1.166
2026-02-10T19:08:21Z,Concurrent_A,1,1000,500500,1999,0.959274,2083.87,1.095
2026-02-10T19:08:21Z,Concurrent_B,1,1000,500500,1999,1.092664,1829.47,1.095
2026-02-10T19:08:22Z,Concurrent_A,1,1000,500500,1999,1.139671,1754.01,1.143
2026-02-10T19:08:22Z,Concurrent_B,1,1000,500500,1999,1.086886,1839.20,1.143
2026-02-10T19:08:24Z,Concurrent_A,1,1000,500500,1999,1.098101,1820.42,1.101
2026-02-10T19:08:24Z,Concurrent_B,1,1000,500500,1999,1.097767,1820.97,1.101
